{
  "q_table": {
    "(2, 0, 1)": {
      "0": -0.585965192099636,
      "1": 1.8906831862466955,
      "2": 0.6114909295660091,
      "3": 0.7862769467934204,
      "4": 0.47514655117823534
    },
    "(3, 0, 1)": {
      "0": -0.5612642487084626,
      "1": -0.6075405824011778,
      "2": -0.5123454085795882,
      "3": -0.5467956508186407,
      "4": -0.570794051664676
    },
    "(4, 0, 1)": {
      "0": 0.03229591757324571,
      "1": 0.3118080464567371,
      "2": 0.21694844675054356,
      "3": 0.40348769343759183,
      "4": -0.022428514148889855
    },
    "(1, 0, 1)": {
      "0": -0.3956506171176182,
      "1": -0.8532717534765086,
      "2": 0.5443081825058182,
      "3": -0.002014707897789181,
      "4": 2.1694774087604407
    },
    "(0, 0, 1)": {
      "0": -0.2538095677123693,
      "1": -0.9055851698664249,
      "2": -1.2543656082113879,
      "3": 2.7626413015014464,
      "4": -0.8185344091149265
    },
    "(0, 0, 3)": {
      "0": 0.0,
      "1": 0.0,
      "2": 0.0,
      "3": 0.0,
      "4": 1.127255410754003
    },
    "(5, 0, 1)": {
      "0": 0.0,
      "1": 0.18943535893635555,
      "2": 0.0,
      "3": 0.0,
      "4": 0.9705012200147694
    },
    "(2, 2, 1)": {
      "0": 0.0,
      "1": -0.1603569194791595,
      "2": 0.0,
      "3": 0.0,
      "4": 0.0
    },
    "(2, 3, 1)": {
      "0": 0.0,
      "1": 0.0,
      "2": 0.0,
      "3": 0.17146997073305545,
      "4": 0.0
    },
    "(4, 0, 2)": {
      "0": 0.0,
      "1": 0.0,
      "2": 0.0,
      "3": 0.0,
      "4": 0.0
    },
    "(4, 0, 3)": {
      "0": 0.19382041385292093,
      "1": 0.0,
      "2": 0.0,
      "3": 0.0,
      "4": 0.0
    },
    "(0, 0, 2)": {
      "0": 0.0,
      "1": 0.0,
      "2": 0.0,
      "3": 0.20525618863662506,
      "4": 0.0
    },
    "(0, 0, 4)": {
      "0": 0.0,
      "1": 0.19048984087146623,
      "2": 1.1675412664254687,
      "3": 0.0,
      "4": 0.0
    },
    "(2, 1, 1)": {
      "0": 0.4787377321574502,
      "1": 0.0,
      "2": 0.0,
      "3": -0.08474178000663285,
      "4": 0.0
    },
    "(3, 0, 2)": {
      "0": -0.39750307259465645,
      "1": -0.22500201393131555,
      "2": -0.40735866563873163,
      "3": -0.4403338870810512,
      "4": -0.2979761652896252
    }
  },
  "metadata": {
    "total_states": 15,
    "total_decisions": 2115,
    "total_updates": 2500,
    "exploration_rate": 0.05,
    "average_reward": -0.016027241255521504,
    "throughput_improvements": 5,
    "optimal_range_usage": 108,
    "timestamp": 1768489542.3791723
  }
}