{
  "q_table": {
    "(2, 0, 1)": {
      "0": -0.585965192099636,
      "1": 1.8906831862466955,
      "2": 0.6114909295660091,
      "3": 0.7862769467934204,
      "4": 0.47514655117823534
    },
    "(3, 0, 1)": {
      "0": -0.41967691899222526,
      "1": -0.033700372043051596,
      "2": 0.7545210627369721,
      "3": -0.1169071669784236,
      "4": -0.2895878434906032
    },
    "(4, 0, 1)": {
      "0": 0.03229591757324571,
      "1": 0.3118080464567371,
      "2": 0.21694844675054356,
      "3": 2.175408048370176,
      "4": -0.022428514148889855
    },
    "(1, 0, 1)": {
      "0": -0.3956506171176182,
      "1": -0.8532717534765086,
      "2": 0.5443081825058182,
      "3": -0.002014707897789181,
      "4": 2.1694774087604407
    },
    "(0, 0, 1)": {
      "0": -0.2538095677123693,
      "1": -0.9055851698664249,
      "2": -1.2543656082113879,
      "3": 2.7626413015014464,
      "4": -0.8185344091149265
    },
    "(0, 0, 3)": {
      "0": 0.0,
      "1": 0.0,
      "2": 0.0,
      "3": 0.0,
      "4": 1.127255410754003
    },
    "(5, 0, 1)": {
      "0": 0.0,
      "1": 0.18943535893635555,
      "2": 0.0,
      "3": 0.0,
      "4": 0.9705012200147694
    },
    "(2, 2, 1)": {
      "0": 0.0,
      "1": -0.1603569194791595,
      "2": 0.0,
      "3": 0.0,
      "4": 0.0
    },
    "(2, 3, 1)": {
      "0": 0.0,
      "1": 0.0,
      "2": 0.0,
      "3": 0.17146997073305545,
      "4": 0.0
    },
    "(4, 0, 2)": {
      "0": 0.0,
      "1": 0.0,
      "2": 0.0,
      "3": 0.0,
      "4": 0.0
    },
    "(4, 0, 3)": {
      "0": 0.19382041385292093,
      "1": 0.0,
      "2": 0.0,
      "3": 0.0,
      "4": 0.0
    },
    "(0, 0, 2)": {
      "0": 0.0,
      "1": 0.0,
      "2": 0.0,
      "3": 0.20525618863662506,
      "4": 0.0
    },
    "(0, 0, 4)": {
      "0": 0.0,
      "1": 0.19048984087146623,
      "2": 1.1675412664254687,
      "3": 0.0,
      "4": 0.0
    },
    "(2, 1, 1)": {
      "0": 0.4787377321574502,
      "1": 0.0,
      "2": 0.0,
      "3": -0.08474178000663285,
      "4": 0.0
    }
  },
  "metadata": {
    "total_states": 14,
    "total_decisions": 2015,
    "total_updates": 2400,
    "exploration_rate": 0.05,
    "average_reward": 0.009975342914025721,
    "throughput_improvements": 15,
    "optimal_range_usage": 4,
    "timestamp": 1766594183.7735353
  }
}