{
  "q_table": {
    "(2, 3, 3, 1)": {
      "0": 0.008025445323445827,
      "1": 0.260677740097385,
      "2": 0.010086295138445188,
      "3": 0.009466991405350166,
      "4": 0.002506275098351702
    },
    "(3, 3, 3, 1)": {
      "0": 0.0038603105321895733,
      "1": 0.0022534318966411617,
      "2": 0.004339064564246462,
      "3": 0.00957067238853767,
      "4": 0.023460796769441412
    },
    "(3, 3, 3, 0)": {
      "0": -0.002462154745306118,
      "1": -0.0013503018564176717,
      "2": 0.018660800148645997,
      "3": -0.0006976502284244987,
      "4": -0.0011233486727874101
    },
    "(4, 3, 3, 0)": {
      "0": 0.0013764803334757342,
      "1": -0.0016784205664503579,
      "2": -0.001439813841921538,
      "3": 0.0,
      "4": 0.0025738764377927414
    },
    "(4, 3, 3, 1)": {
      "0": 0.02323294825122178,
      "1": 0.003224043886909685,
      "2": 0.004458658292462878,
      "3": 0.008115699857439061,
      "4": -0.0018537767707907137
    },
    "(5, 3, 3, 1)": {
      "0": 0.0,
      "1": -0.000954054741156843,
      "2": 0.008030852163354555,
      "3": -0.00082831453838613,
      "4": -0.0014529158923444196
    },
    "(5, 3, 3, 0)": {
      "0": 0.0,
      "1": 0.0021945248586434903,
      "2": 0.0,
      "3": 0.0,
      "4": 0.0
    },
    "(2, 3, 3, 0)": {
      "0": 0.0,
      "1": -0.0012337825828965393,
      "2": 0.0,
      "3": 0.0,
      "4": -0.0006239693055226524
    },
    "(1, 3, 3, 1)": {
      "0": 0.003957907813006735,
      "1": 0.003243828243551074,
      "2": 0.13069469378605653,
      "3": 0.0,
      "4": 0.005084271720396952
    },
    "(1, 0, 3, 1)": {
      "0": 0.0,
      "1": 0.0,
      "2": 0.0,
      "3": 0.0,
      "4": 0.0016252149740834515
    },
    "(1, 3, 3, 0)": {
      "0": 0.0016914567131055375,
      "1": 0.00532048630266047,
      "2": -0.0008732288865600563,
      "3": 0.0,
      "4": 0.0
    },
    "(1, 5, 3, 1)": {
      "0": 0.0,
      "1": 0.0,
      "2": 0.0,
      "3": 0.0,
      "4": 0.0023260718120830855
    },
    "(2, 1, 3, 1)": {
      "0": 0.0,
      "1": -0.0009759901088115746,
      "2": 0.0,
      "3": 0.0,
      "4": 0.0
    }
  },
  "metadata": {
    "total_states": 13,
    "total_decisions": 736,
    "total_updates": 733,
    "exploration_rate": 0.05,
    "performance_stats": {
      "total_reward": 5420.128226845067,
      "positive_rewards": 380,
      "negative_rewards": 324,
      "neutral_rewards": 29,
      "max_throughput_achieved": 51.215177391959315,
      "avg_throughput": 16.7427849026312,
      "avg_packet_loss": 0.1030141123516037,
      "convergence_time": null,
      "episodes_completed": 0,
      "safety_interventions": 300,
      "emergency_interventions": 0
    },
    "timestamp": 1769095766.3448806
  }
}