{
  "q_table": {
    "(5, 1, 1)": {
      "0": 3.7625112899480344,
      "1": 7.2809187033303955,
      "2": 2.9021807548155065,
      "3": 0.0,
      "4": 0.0
    },
    "(3, 1, 2)": {
      "0": 0.0496600758428806,
      "1": 0.0,
      "2": 0.0,
      "3": 0.0,
      "4": 0.0
    },
    "(5, 1, 2)": {
      "0": 3.5222226285949327,
      "1": 0.5750043449207014,
      "2": 0.4852859355522015,
      "3": 0.0,
      "4": 0.0
    },
    "(1, 1, 2)": {
      "0": 0.0,
      "1": -0.18291323675011956,
      "2": 0.0,
      "3": 0.0,
      "4": 0.0
    },
    "(2, 1, 2)": {
      "0": -0.038666160098932305,
      "1": 0.0,
      "2": 0.0,
      "3": 0.0,
      "4": -0.01423151477813811
    },
    "(4, 1, 2)": {
      "0": 0.0,
      "1": 0.0,
      "2": 0.05898833564143089,
      "3": 0.028930125850442218,
      "4": 0.0
    },
    "(0, 1, 2)": {
      "0": -1.130153380674948,
      "1": -1.0017695422770085,
      "2": -1.0133784509874668,
      "3": -0.9930939473779056,
      "4": -1.0201108817959577
    }
  },
  "metadata": {
    "total_states": 7,
    "total_decisions": 126,
    "total_updates": 126,
    "exploration_rate": 0.2985,
    "average_reward": 0.016362433862433867,
    "throughput_improvements": 0,
    "optimal_range_usage": 0,
    "timestamp": 1767610185.5707943,
    "storage_path": "C:\\Users\\sijos\\multi-stream-downloader\\models\\dci_model"
  }
}