{
  "schema_version": "1.0",
  "saved_at": 1773237179.2202442,
  "saved_at_human": "2026-03-11 13:52:59 UTC",
  "q_table": {
    "(2, 0, 1)": {
      "0": 10.0,
      "1": 10.0,
      "2": 10.0,
      "3": 6.722463481947284,
      "4": 3.422132437359597
    },
    "(4, 0, 1)": {
      "0": 10.0,
      "1": 9.686899301049174,
      "2": 8.485053835079604,
      "3": 0.0,
      "4": 1.871442622521764
    },
    "(3, 0, 1)": {
      "0": 10.0,
      "1": 10.0,
      "2": 10.0,
      "3": 9.335519700414409,
      "4": 8.049030492805072
    },
    "(0, 0, 1)": {
      "0": 8.727315739851747,
      "1": 9.417399492308679,
      "2": 6.532634664783401,
      "3": 5.0102458910367105,
      "4": 4.48125668714886
    },
    "(1, 0, 1)": {
      "0": 9.898116002915163,
      "1": 9.856933499419398,
      "2": 9.98072077439233,
      "3": 6.70395740046509,
      "4": 6.555599428798289
    },
    "(2, 0, 2)": {
      "0": 0.0,
      "1": 1.4897829122308526,
      "2": 0.0,
      "3": 0.0,
      "4": 0.0
    },
    "(1, 0, 2)": {
      "0": 7.113377855188715,
      "1": 7.1979292294218515,
      "2": 5.175670466672406,
      "3": 1.7747996493673277,
      "4": 10.0
    },
    "(0, 0, 2)": {
      "0": 4.4598406346407975,
      "1": 5.23292359002796,
      "2": 10.0,
      "3": 1.4404807001404947,
      "4": 0.0
    },
    "(5, 0, 1)": {
      "0": 9.988282280811939,
      "1": 4.8604838234145555,
      "2": 4.1530395269092795,
      "3": 2.7977988984875237,
      "4": 1.9500000000000002
    },
    "(0, 1, 1)": {
      "0": 2.1272818349580582,
      "1": 0.7840452065128031,
      "2": 0.0,
      "3": 0.0,
      "4": 0.0
    },
    "(2, 1, 1)": {
      "0": 6.960239825874808,
      "1": 0.828615524045437,
      "2": 1.6250605475127569,
      "3": 0.0,
      "4": 0.0
    },
    "(4, 1, 1)": {
      "0": -0.589929914876664,
      "1": 2.120546250676035,
      "2": 0.0,
      "3": 0.0,
      "4": 0.0
    },
    "(3, 1, 1)": {
      "0": 3.5619167196383104,
      "1": 1.6556493872698455,
      "2": 0.8355113417394711,
      "3": 8.603674978983147,
      "4": 0.0
    }
  },
  "stats": {
    "q_table_states": 13,
    "q_table_size": 13,
    "current_connections": 16,
    "exploration_rate": 0.15,
    "total_decisions": 1651,
    "total_updates": 1650,
    "average_reward": 4.0394,
    "total_reward": 6665.0606,
    "positive_rewards": 1647,
    "negative_rewards": 3,
    "throughput_improvements": 790,
    "monitoring_interval": 5.0
  }
}