{
  "q_table": {
    "(2, 0, 1)": {
      "0": -0.585965192099636,
      "1": 2.667134229147946,
      "2": 0.974674624725109,
      "3": 0.7862769467934204,
      "4": 0.8841566290163609
    },
    "(3, 0, 1)": {
      "0": 0.09466816976339931,
      "1": -0.033700372043051596,
      "2": 2.891970914186198,
      "3": 0.22740695958888776,
      "4": -0.2895878434906032
    },
    "(4, 0, 1)": {
      "0": 0.1366373777874489,
      "1": 0.5396457273671419,
      "2": 1.9134960466544413,
      "3": 0.681177205453978,
      "4": -0.022428514148889855
    },
    "(1, 0, 1)": {
      "0": -0.3956506171176182,
      "1": -0.8532717534765086,
      "2": 0.054744770209806115,
      "3": -0.8767843674141496,
      "4": 2.908119598311383
    },
    "(0, 0, 1)": {
      "0": 2.7683220427026844,
      "1": -0.9055851698664249,
      "2": -1.2543656082113879,
      "3": -0.3409164324028754,
      "4": -0.06724950240370903
    },
    "(0, 0, 3)": {
      "0": 0.0,
      "1": 0.0,
      "2": 0.0,
      "3": 0.0,
      "4": 1.127255410754003
    },
    "(5, 0, 1)": {
      "0": 0.26788031717887667,
      "1": 0.3344174069451592,
      "2": 0.2721854643351844,
      "3": 0.290584023198277,
      "4": 0.4811477049482618
    },
    "(2, 2, 1)": {
      "0": 0.0,
      "1": -0.1603569194791595,
      "2": 0.0,
      "3": 0.0,
      "4": 0.0
    },
    "(2, 3, 1)": {
      "0": 0.0,
      "1": 0.0,
      "2": 0.0,
      "3": 0.17146997073305545,
      "4": 0.0
    },
    "(4, 0, 2)": {
      "0": 0.0,
      "1": 0.015505633108233675,
      "2": 0.0,
      "3": 0.0,
      "4": 0.0
    },
    "(4, 0, 3)": {
      "0": -0.13277799098197707,
      "1": 0.0,
      "2": 0.33353315694244245,
      "3": 0.0,
      "4": 0.0
    },
    "(0, 0, 2)": {
      "0": 0.0,
      "1": 0.0,
      "2": 0.0,
      "3": 0.20525618863662506,
      "4": 0.0
    },
    "(0, 0, 4)": {
      "0": 0.0,
      "1": 0.19048984087146623,
      "2": 1.1675412664254687,
      "3": 0.0,
      "4": 0.0
    },
    "(2, 1, 1)": {
      "0": 0.4787377321574502,
      "1": 0.0,
      "2": 0.0,
      "3": -0.08474178000663285,
      "4": 0.0
    },
    "(4, 0, 4)": {
      "0": 0.0,
      "1": -0.15458409709726154,
      "2": -0.1548332733244796,
      "3": -0.15508152899040217,
      "4": 0.0
    },
    "(3, 0, 4)": {
      "0": -0.30075541561573194,
      "1": -0.2132345677665113,
      "2": -0.30019299917181896,
      "3": -0.28916553757735636,
      "4": -0.2816602560477883
    },
    "(3, 0, 3)": {
      "0": -0.2981450741178401,
      "1": -0.13612523116999733,
      "2": -0.15127635300830228,
      "3": -0.15140332875134563,
      "4": -0.1514144862003396
    },
    "(2, 0, 3)": {
      "0": -0.15128528314168393,
      "1": 0.0,
      "2": -0.15120962332881857,
      "3": 0.0,
      "4": 0.0
    }
  },
  "metadata": {
    "total_states": 18,
    "total_decisions": 2466,
    "total_updates": 2850,
    "exploration_rate": 0.05,
    "average_reward": 0,
    "throughput_improvements": 0,
    "optimal_range_usage": 0,
    "timestamp": 1768018104.95221,
    "storage_path": "models/client"
  }
}